Name,Price
Lemokey P3 HE Wireless Magnetic Switch Custom Gaming Keyboard (US ANSI Layout),CA$246.99
Lemokey P2 HE Wireless Magnetic Switch Custom Gaming Keyboard (US ANSI Layout),CA$246.99
Lemokey L0 HE One Handed Magnetic Switch Gaming Keyboard,CA$224.99
Lemokey P1 HE Wireless Magnetic Switch Custom Gaming Keyboard ISO Layout Collection,CA$246.99
Lemokey L1 HE Wireless Magnetic Switch Custom Gaming Keyboard (US ANSI Layout),CA$344.99
Lemokey L5 HE Magnetic Switch Custom Gaming Keyboard,CA$303.99
Lemokey P1 HE Wireless Magnetic Switch Custom Gaming Keyboard (US ANSI Layout),CA$246.99
Lemokey L4 QMK Wireless Custom Gaming Keyboard (US ANSI Layout),CA$240.54
Lemokey P1 QMK Wireless Custom Mechanical Keyboard ISO Layout Collection,CA$157.99
Lemokey L1 QMK Wireless Custom Mechanical Keyboard ISO Layout Collection,CA$282.99
Lemokey P1 QMK/VIA Custom Gaming Keyboard (US ANSI Layout),CA$142.19
Lemokey L1 QMK/VIA Wireless Custom Gaming Keyboard (US ANSI Layout),CA$282.99
Lemokey L3 QMK/VIA Wireless Custom Mechanical Keyboard ISO Layout Collection,CA$240.54
Lemokey L3 QMK/VIA Wireless Custom Mechanical Keyboard (US ANSI Layout),CA$282.99
