name,review
Lemokey P3 HE Wireless Magnetic Switch Custom Gaming Keyboard (US ANSI Layout),
Lemokey P2 HE Wireless Magnetic Switch Custom Gaming Keyboard (US ANSI Layout),
Lemokey L0 HE One Handed Magnetic Switch Gaming Keyboard,
Lemokey P1 HE Wireless Magnetic Switch Custom Gaming Keyboard ISO Layout Collection,
Lemokey L1 HE Wireless Magnetic Switch Custom Gaming Keyboard (US ANSI Layout),
Lemokey L5 HE Magnetic Switch Custom Gaming Keyboard,
Lemokey P1 HE Wireless Magnetic Switch Custom Gaming Keyboard (US ANSI Layout),4.88 out of 5.0 stars
Lemokey L4 QMK Wireless Custom Gaming Keyboard (US ANSI Layout),
Lemokey P1 QMK Wireless Custom Mechanical Keyboard ISO Layout Collection,
Lemokey L1 QMK Wireless Custom Mechanical Keyboard ISO Layout Collection,
Lemokey P1 QMK/VIA Custom Gaming Keyboard (US ANSI Layout),5.0 out of 5.0 stars
Lemokey L1 QMK/VIA Wireless Custom Gaming Keyboard (US ANSI Layout),4.0 out of 5.0 stars
Lemokey L3 QMK/VIA Wireless Custom Mechanical Keyboard ISO Layout Collection,
Lemokey L3 QMK/VIA Wireless Custom Mechanical Keyboard (US ANSI Layout),5.0 out of 5.0 stars
